id_gnome;id_profession;active
1;1;true
1;2;true
1;3;false
1;4;false
1;5;true
1;6;false
2;7;false
2;8;false
2;9;true
2;10;true
2;11;true
2;5;false
3;12;true
3;13;false
3;14;false
4;15;false
4;16;true
4;3;false
4;7;false
4;17;true
4;9;true
5;18;false
5;4;true
6;12;false
7;11;false
8;13;false
8;7;false
8;17;true
9;13;false
9;11;false
10;18;true
10;14;true
10;17;false
10;15;true
11;19;false
11;16;false
11;20;true
11;1;true
11;13;false
11;18;true
11;17;false
12;19;true
12;14;true
12;17;true
12;21;true
12;4;true
12;13;false
12;6;true
14;4;true
14;1;false
14;15;false
15;17;false
16;21;true
16;11;true
16;14;true
16;5;false
16;7;false
16;17;true
17;17;true
17;20;true
17;13;false
17;15;false
17;10;true
18;3;true
18;21;false
18;6;false
18;9;true
18;5;true
18;4;true
18;10;false
19;18;false
19;17;true
19;11;false
20;9;false
20;7;false
20;11;true
20;22;true
21;16;false
21;15;false
21;18;true
21;6;false
21;11;false
21;23;false
21;20;false
22;6;true
22;8;false
22;12;true
22;19;false
24;5;true
24;15;true
24;18;true
25;18;false
25;9;false
25;4;true
25;22;true
25;14;true
25;7;false
26;19;false
26;9;true
26;24;true
26;16;false
26;18;true
26;17;false
26;15;true
27;20;true
27;16;true
27;18;false
27;10;false
27;6;true
29;14;true
30;8;true
30;12;false
30;16;false
30;21;true
30;20;true
30;24;true
30;2;false
31;11;false
32;10;true
32;4;false
32;17;false
32;8;false
33;2;true
33;4;false
33;14;false
34;8;false
34;1;false
34;12;true
34;3;true
34;24;false
34;4;true
35;5;false
35;11;false
35;7;true
35;3;false
35;23;true
35;10;true
36;2;false
36;24;false
36;16;false
37;20;false
37;11;false
37;10;false
37;7;false
37;22;true
37;17;true
37;16;false
38;1;false
38;6;false
38;8;true
38;9;true
38;2;false
38;24;true
38;21;false
39;9;true
39;19;false
39;5;false
39;6;false
39;8;false
39;3;true
42;12;false
42;16;true
42;7;false
42;24;true
42;10;true
42;18;true
44;13;true
44;23;false
44;16;false
45;8;false
46;22;true
46;13;false
46;15;true
46;19;false
46;7;false
46;1;true
47;15;false
47;14;true
47;10;true
47;23;true
47;13;true
47;1;false
47;24;true
48;18;false
48;13;false
48;2;false
48;4;true
48;22;true
48;6;true
48;15;true
49;11;false
49;4;true
49;21;false
49;2;false
49;16;false
50;15;false
50;5;false
50;7;true
50;16;false
52;1;false
52;3;false
52;13;false
53;23;false
54;11;true
54;5;false
54;12;true
54;6;true
54;20;true
55;2;false
55;21;true
55;7;true
55;3;false
55;14;false
55;16;false
56;22;true
56;11;true
56;13;true
57;11;true
57;8;false
57;10;false
58;8;false
58;16;true
58;17;false
58;1;true
58;20;false
58;15;false
58;7;false
59;10;false
59;20;false
59;24;true
59;9;false
62;15;false
63;7;false
63;21;true
63;1;true
63;17;false
63;15;false
64;21;false
64;9;false
64;8;false
64;16;true
64;5;true
65;24;false
65;18;true
66;1;true
66;19;true
66;4;false
66;14;true
66;11;false
66;2;false
66;5;true
67;14;false
67;10;false
67;8;true
67;13;true
68;18;false
68;11;false
68;20;false
68;6;false
68;10;false
68;24;true
70;11;false
71;23;true
71;24;false
71;11;false
71;18;false
72;2;false
72;6;false
72;4;false
72;14;true
73;3;true
73;15;false
73;22;false
74;6;false
76;21;true
77;10;false
77;9;true
77;6;false
77;16;false
78;24;true
78;13;false
78;6;false
78;1;true
78;4;true
79;13;true
79;17;false
79;14;true
79;11;false
79;5;false
79;20;false
79;4;false
80;6;false
81;4;false
81;8;false
81;16;true
81;11;false
81;9;false
81;23;true
82;15;true
82;12;false
83;7;false
83;9;false
83;8;true
84;1;false
85;15;false
85;20;false
86;3;true
87;11;false
87;2;false
87;17;true
87;21;true
87;18;true
87;10;true
87;19;false
88;2;false
88;24;false
88;1;false
88;4;false
88;11;true
88;15;false
88;23;true
89;14;false
90;11;false
90;9;false
90;17;true
91;24;false
91;7;true
91;19;true
92;19;true
92;3;true
92;2;true
92;13;true
92;23;false
92;15;false
92;20;true
93;12;true
93;16;false
94;4;true
94;16;true
94;19;true
95;4;false
95;10;false
95;13;false
96;3;false
96;4;false
97;18;false
97;15;false
97;7;true
98;14;true
98;6;true
98;20;false
98;16;false
98;17;false
100;18;true
100;14;false
100;19;true
100;12;true
100;2;false
100;13;false
101;20;false
101;5;false
103;10;false
104;5;false
105;6;true
105;15;false
105;16;true
106;10;true
106;1;true
106;15;true
106;3;true
107;22;false
107;15;false
107;10;true
107;6;true
107;13;false
108;5;true
108;14;false
109;6;false
110;19;true
110;18;true
110;21;true
110;20;true
111;11;true
111;5;true
111;23;true
112;9;true
112;14;false
112;22;true
113;21;false
113;5;true
114;10;true
114;15;true
114;6;false
114;9;true
115;19;true
115;12;false
116;18;false
116;9;false
116;16;true
118;12;false
118;5;true
119;5;false
119;18;true
119;7;false
120;14;true
120;13;true
121;9;true
121;8;true
121;3;true
121;22;true
121;17;true
121;15;true
121;16;false
122;6;false
122;21;false
122;19;false
122;7;true
122;14;false
122;23;false
123;20;true
124;11;true
124;22;false
125;7;true
125;13;true
127;3;true
127;10;true
127;21;true
127;13;false
127;12;false
127;2;true
127;9;true
128;16;false
128;24;true
128;10;false
128;23;true
128;12;false
128;14;false
129;4;true
129;7;true
129;21;false
129;22;false
130;21;false
130;14;true
130;22;false
130;7;true
130;12;true
130;20;true
130;11;false
131;16;false
131;1;false
131;20;true
131;17;true
131;10;true
131;7;true
131;21;true
132;19;false
132;6;false
133;12;true
133;17;true
133;5;true
133;20;false
134;9;true
134;8;true
134;10;false
134;24;false
134;5;false
134;2;true
135;13;true
135;24;false
136;5;false
136;14;true
136;19;false
136;10;false
136;7;false
137;11;true
137;20;true
137;2;true
137;17;true
137;10;true
139;23;true
139;4;false
140;12;true
140;6;false
140;16;true
140;1;false
140;17;false
140;4;true
141;14;false
141;7;false
141;1;true
141;23;true
141;9;false
141;22;false
141;10;true
142;14;true
142;16;true
142;24;true
142;20;true
142;18;false
142;9;true
143;8;true
143;17;true
143;10;true
143;2;true
143;12;false
144;12;false
144;15;false
144;14;true
144;11;false
144;16;true
144;18;false
145;13;true
145;15;true
146;11;true
146;13;true
147;14;false
147;13;true
147;15;false
147;17;true
147;6;true
148;14;false
148;7;false
149;12;true
149;16;false
149;8;true
149;11;true
150;10;false
150;12;true
150;5;false
150;17;true
150;24;false
150;14;false
151;8;true
151;12;true
151;4;true
151;20;false
151;17;true
151;1;false
151;5;false
153;11;true
154;20;true
154;14;true
154;13;true
154;15;true
155;17;true
156;9;true
156;18;true
156;16;false
157;14;true
157;18;true
157;12;true
157;6;true
158;14;true
158;16;false
158;4;false
158;5;false
158;21;false
158;9;true
160;16;false
160;14;true
160;2;false
160;19;false
160;21;true
161;17;true
161;7;true
161;19;true
161;22;false
161;3;false
161;15;false
161;8;false
162;20;true
162;12;true
162;16;false
162;14;false
162;1;false
163;7;true
163;18;false
163;21;true
163;23;true
163;11;false
163;13;true
164;22;true
164;10;false
164;21;false
164;17;false
164;6;false
164;18;true
165;2;false
165;24;false
165;9;true
165;6;false
165;11;false
166;11;false
166;15;true
166;14;true
166;4;true
166;18;true
167;18;false
167;17;false
168;3;true
168;20;false
168;10;true
169;5;true
169;12;false
170;13;true
170;4;true
170;24;false
170;12;false
171;23;true
171;2;true
171;5;false
171;7;false
172;2;true
173;22;false
173;18;false
173;7;true
173;16;false
173;24;false
173;8;false
174;19;false
174;12;true
175;14;false
175;4;true
175;21;true
175;7;true
176;7;false
177;3;true
177;15;true
177;7;true
177;17;true
178;2;true
178;10;true
178;7;false
178;23;true
178;16;true
180;23;true
180;7;false
180;18;true
180;5;false
181;4;false
181;7;true
183;2;true
183;20;false
183;1;true
183;21;false
184;1;false
184;18;true
185;15;false
185;17;false
185;7;true
185;6;true
185;5;false
185;18;false
185;1;false
186;15;true
186;16;true
186;3;false
188;6;true
188;23;false
188;3;true
189;23;false
189;13;true
189;12;false
189;5;false
189;17;false
189;4;true
190;8;true
191;20;true
191;23;true
191;11;false
191;5;true
191;21;false
192;19;false
192;8;true
193;1;false
193;6;true
193;14;false
195;14;false
195;2;true
195;16;true
196;19;false
198;9;true
198;6;false
198;4;true
198;11;false
198;22;true
200;13;false
200;11;true
200;8;true
200;22;false
201;15;true
202;6;false
202;20;false
202;18;false
202;19;false
202;9;true
202;22;false
203;5;true
203;9;true
203;18;true
203;8;true
203;15;true
203;1;true
204;15;true
204;11;false
204;6;false
204;24;false
204;22;true
205;2;false
205;24;true
205;17;true
205;10;true
206;5;false
206;13;true
206;19;true
207;7;true
207;19;false
207;8;false
207;22;false
207;2;false
209;16;true
209;18;false
209;3;false
209;23;false
210;10;true
210;17;true
210;1;false
211;17;false
211;13;false
211;6;true
211;5;true
211;9;false
212;18;false
214;23;false
214;7;true
214;5;false
214;3;true
215;11;true
215;14;false
215;15;false
216;17;true
216;7;false
216;10;false
216;21;true
216;15;true
216;13;true
216;2;true
217;18;false
217;10;true
218;2;true
221;3;true
221;1;false
221;15;true
221;6;true
222;24;false
223;1;true
223;7;false
224;12;true
224;19;true
224;4;false
225;2;true
225;19;false
225;8;true
225;3;false
225;22;true
225;12;false
225;17;false
226;22;true
227;24;false
227;17;false
227;13;false
227;4;true
227;11;false
227;5;false
228;15;false
228;23;true
228;18;false
228;4;false
228;17;true
228;16;false
228;24;true
229;6;false
229;19;false
229;7;true
229;20;false
229;11;false
229;14;false
229;23;false
230;15;false
230;8;false
230;23;false
230;9;false
230;2;false
230;13;false
231;24;true
231;9;true
231;11;true
232;23;true
232;18;true
233;1;false
234;6;false
234;23;false
234;10;true
235;2;false
235;13;true
235;1;true
235;10;false
236;1;false
237;9;false
237;10;false
237;6;false
237;4;true
237;12;false
237;17;false
238;10;true
238;2;false
239;3;false
239;5;true
239;19;true
239;21;false
239;9;true
239;14;false
239;18;false
240;15;false
240;18;true
240;4;true
240;1;true
240;21;false
240;2;true
241;13;false
241;18;false
241;24;true
241;5;false
241;8;false
243;3;true
243;5;true
243;8;false
243;4;true
243;24;true
243;16;false
243;6;false
245;16;false
246;6;false
246;12;true
247;16;false
247;13;false
249;10;false
249;9;false
249;7;false
250;12;false
250;13;true
250;18;false
251;8;true
251;15;true
252;11;false
252;21;true
252;3;false
253;11;true
255;2;false
255;24;false
256;11;false
257;12;true
257;21;true
257;17;false
257;6;true
257;16;true
257;20;false
257;5;false
258;16;true
258;7;true
258;1;false
258;11;false
258;24;false
258;19;false
259;24;false
259;4;false
259;19;false
259;12;true
259;17;false
260;21;false
260;24;false
260;22;false
260;5;false
260;15;true
260;11;false
261;22;true
261;3;false
261;18;true
262;5;true
262;9;true
262;22;true
263;16;false
263;10;true
263;9;false
263;22;true
264;17;false
264;3;true
264;6;false
264;2;false
264;13;false
266;8;true
266;24;false
266;9;false
266;14;false
266;3;false
266;5;true
266;13;false
267;12;false
267;11;true
267;19;true
268;8;false
268;14;true
268;5;true
268;13;true
269;7;false
270;13;true
270;4;false
270;15;false
270;10;false
270;23;true
270;9;false
270;3;false
271;22;false
271;7;true
271;10;false
271;12;true
271;19;false
271;4;true
272;11;true
272;17;false
272;22;true
272;2;true
272;7;true
272;1;true
272;4;true
275;16;true
275;11;true
275;13;true
275;18;true
275;7;true
275;4;true
275;8;false
277;15;true
278;17;false
278;3;false
278;18;false
278;16;false
278;22;false
279;2;true
279;13;false
280;12;false
280;8;true
280;17;false
280;6;true
280;21;false
282;22;true
282;2;false
282;1;true
282;21;true
283;20;true
283;11;true
283;5;false
283;19;true
284;21;true
284;7;false
284;6;false
284;20;false
284;11;false
285;19;false
285;18;false
285;4;false
285;16;true
285;23;true
285;3;false
285;9;false
287;1;false
287;24;false
287;18;false
288;19;false
290;22;true
290;16;false
291;17;true
292;1;true
292;3;true
292;16;true
292;7;false
293;5;true
294;9;false
294;16;false
294;12;true
294;4;false
294;17;false
294;7;false
295;14;false
295;16;true
295;12;true
295;10;false
295;24;true
296;19;true
296;15;true
298;14;false
299;20;true
300;12;false
300;11;false
300;7;false
300;20;true
300;9;true
300;4;true
300;21;false
301;17;false
301;13;true
301;11;false
301;23;false
301;16;false
302;12;true
302;5;false
302;23;true
303;9;true
303;22;false
304;10;true
304;23;true
304;11;false
304;13;true
304;22;false
305;5;true
305;15;true
305;4;true
305;20;true
305;1;false
306;18;false
306;14;false
307;13;false
308;22;false
308;15;true
308;14;true
308;2;true
308;19;true
308;6;false
309;6;false
309;4;true
309;18;false
309;2;false
309;21;false
309;7;false
309;13;true
311;12;true
311;17;true
311;16;true
312;11;true
313;11;false
313;6;false
313;9;false
314;4;false
314;6;true
315;17;true
316;24;false
316;13;false
317;15;true
318;17;true
318;4;true
318;22;false
321;21;true
321;6;false
321;3;false
321;13;false
321;7;true
321;15;true
322;3;false
322;10;false
322;14;false
322;24;false
322;20;false
322;8;true
322;12;true
323;13;true
323;24;false
323;5;false
323;10;true
323;11;true
326;23;false
327;13;true
327;22;false
328;21;true
328;18;false
328;17;true
328;8;true
328;10;false
328;16;false
329;5;true
329;20;false
330;8;true
330;4;true
331;6;false
332;15;false
332;14;false
332;22;true
332;3;true
332;13;false
332;21;false
332;19;false
333;18;false
334;22;false
334;6;false
334;1;true
334;11;true
335;18;true
335;17;false
335;7;false
335;19;false
335;6;false
336;18;false
336;14;false
336;10;true
336;2;true
336;1;true
336;24;false
337;8;true
337;15;true
337;16;true
338;4;false
338;1;false
338;9;true
338;3;true
338;18;false
338;15;false
339;5;false
339;9;true
339;8;false
339;21;false
339;24;true
339;16;true
339;6;false
340;11;true
340;22;false
342;5;true
344;8;false
344;21;true
344;23;true
344;15;false
344;1;true
344;5;false
344;4;false
345;21;false
346;20;true
346;14;false
346;6;true
347;5;false
347;21;false
347;18;true
347;22;true
347;12;false
347;8;true
347;15;false
348;19;false
348;10;false
349;8;false
349;7;true
349;11;true
350;13;true
350;9;false
351;9;false
351;19;false
352;3;true
352;2;true
352;18;true
352;15;true
352;14;false
352;12;false
353;24;true
353;1;true
353;9;true
353;3;true
353;17;true
353;6;true
353;16;true
354;22;false
354;12;false
354;2;false
354;8;true
354;19;true
355;14;true
355;20;false
357;21;true
357;11;true
358;23;true
358;7;true
358;10;false
358;1;false
359;21;true
359;4;false
359;11;false
360;24;false
360;20;true
360;3;true
360;10;true
360;4;true
360;6;true
361;14;false
361;16;true
361;20;true
361;9;false
361;22;false
361;18;true
361;5;true
362;2;false
362;3;true
362;20;true
362;21;false
362;15;false
363;9;false
363;4;false
363;13;false
363;5;true
363;23;false
363;20;false
364;19;false
364;8;false
364;11;false
364;20;false
364;17;false
364;18;true
365;17;true
365;7;false
365;24;true
365;2;true
365;11;false
366;4;false
366;3;false
366;21;true
366;2;false
366;1;false
366;14;true
366;20;true
367;1;true
367;23;true
367;17;false
367;11;false
367;14;true
368;2;false
368;17;true
368;5;true
369;23;true
369;10;false
369;20;false
370;11;false
370;8;true
370;2;false
370;19;true
371;18;true
371;11;false
371;22;true
371;9;false
371;15;true
371;1;false
372;12;false
372;20;false
373;19;true
373;2;true
373;11;true
373;3;true
374;2;false
374;8;false
374;1;true
374;17;true
375;16;false
377;3;true
377;7;false
377;9;true
377;14;false
377;4;true
377;19;false
378;2;true
378;22;false
378;21;true
378;14;false
380;9;false
381;21;false
381;15;false
381;3;true
381;8;false
381;19;false
381;22;false
382;21;true
382;6;false
382;17;false
382;2;false
384;7;false
384;1;true
384;8;false
384;24;true
387;20;false
387;19;true
387;21;false
388;11;true
388;6;false
388;21;false
388;5;true
388;8;true
388;15;true
389;6;true
389;5;false
389;4;true
389;16;false
389;8;false
390;15;true
390;8;true
390;9;true
390;21;true
391;2;true
391;7;true
391;24;true
392;14;false
392;13;true
392;10;false
392;5;false
392;7;true
393;11;true
394;15;true
394;6;true
394;17;true
395;14;true
395;12;false
395;16;true
395;8;false
395;4;true
395;22;false
396;18;true
396;15;false
396;19;true
396;22;false
396;20;true
396;17;false
397;22;false
397;19;false
397;9;false
397;4;true
398;7;true
398;8;true
398;12;true
399;3;false
399;1;false
399;9;false
399;8;true
399;13;false
399;19;true
402;6;true
402;10;true
403;15;false
403;2;true
404;13;false
404;19;true
404;6;false
404;23;true
404;20;false
404;22;false
404;7;false
405;8;true
405;17;true
405;7;false
405;21;true
405;19;true
406;10;false
406;15;false
406;19;false
406;6;true
406;16;true
407;13;true
407;4;true
407;17;true
407;22;false
407;24;true
407;14;true
407;11;false
408;22;false
408;11;false
408;1;true
408;5;true
409;13;true
409;11;false
409;22;false
409;4;false
411;18;false
412;14;false
412;17;true
412;15;true
412;16;true
413;1;true
413;9;false
414;5;false
414;1;true
414;20;true
414;19;true
414;11;false
415;6;false
415;19;true
415;10;false
415;2;true
416;5;true
417;24;false
417;14;false
417;2;false
417;17;true
417;19;true
418;15;false
418;6;false
418;14;true
418;3;true
418;21;false
420;23;false
420;7;true
420;12;true
420;17;false
420;16;true
421;9;false
421;3;false
422;23;false
422;2;false
422;14;false
422;12;false
422;17;true
425;1;false
425;4;false
425;13;true
425;22;false
426;22;false
426;14;true
426;13;true
426;7;true
426;20;false
426;12;false
427;2;false
427;1;false
427;19;true
427;21;true
427;3;true
427;15;false
427;23;true
428;21;true
428;18;false
428;12;true
428;5;true
428;9;true
429;13;true
430;8;false
430;10;false
430;17;true
430;18;true
430;1;true
431;3;false
431;1;true
431;11;false
432;9;false
432;15;false
432;8;false
433;2;false
433;11;false
433;7;true
433;10;false
433;17;true
434;16;true
435;12;true
435;1;false
435;13;true
435;15;false
435;9;true
435;23;false
436;4;true
436;20;true
436;10;false
437;20;true
437;7;false
437;24;true
439;16;false
439;6;true
439;19;false
439;4;false
439;7;false
441;2;false
441;18;false
441;13;true
441;9;true
442;19;false
442;23;true
442;4;false
442;21;false
443;11;false
443;23;false
443;22;false
443;9;true
443;2;false
443;19;true
444;6;false
444;12;true
444;15;true
444;23;true
444;16;true
444;18;true
444;22;true
445;9;true
445;8;false
446;18;false
447;24;false
447;19;false
448;8;false
448;4;false
448;1;false
448;16;false
448;11;true
449;6;false
449;5;false
449;20;false
449;9;false
449;11;false
449;22;false
449;23;false
450;10;true
450;23;true
450;8;true
450;15;true
450;14;false
450;3;false
450;20;false
452;10;false
452;8;true
452;22;false
452;17;false
452;13;true
452;20;true
452;18;false
453;14;false
453;2;false
453;16;true
453;15;false
453;24;false
453;21;true
454;21;true
454;12;false
456;20;true
456;19;true
456;18;true
456;22;true
456;1;true
456;3;false
456;15;false
457;11;true
457;14;true
457;6;false
457;24;false
457;21;true
458;10;false
458;24;false
458;15;true
459;7;false
460;3;true
460;20;false
460;19;false
460;12;true
461;8;true
461;15;true
461;9;true
461;3;false
461;18;false
461;1;false
462;12;true
462;4;false
462;9;false
462;24;false
463;11;true
463;19;true
463;23;false
463;1;true
464;4;true
464;13;true
464;14;false
464;20;false
464;23;true
464;16;false
464;1;false
465;6;true
465;9;false
465;16;true
465;24;true
465;5;false
465;10;false
466;11;false
467;14;false
467;23;true
467;16;false
467;21;false
468;13;true
468;3;false
468;2;true
468;22;false
469;11;true
469;19;false
469;12;false
470;2;false
471;22;true
471;20;true
471;10;false
471;8;false
471;3;true
471;5;false
472;15;false
472;8;false
472;4;true
472;12;false
472;22;false
472;13;false
473;9;true
473;19;true
473;12;true
473;22;true
474;24;true
474;18;false
474;13;true
474;23;false
474;6;true
474;12;true
476;2;false
476;3;true
477;16;true
477;7;true
477;22;false
478;19;true
479;15;true
479;10;false
479;4;true
479;20;true
479;16;false
479;9;true
479;22;true
480;17;true
480;19;false
480;18;false
480;21;false
480;11;false
480;12;true
480;14;false
482;5;true
482;8;true
482;19;false
483;3;false
484;4;false
484;9;true
484;13;false
486;9;false
486;13;true
486;2;false
487;4;false
487;19;true
487;7;false
488;21;true
488;6;true
488;18;false
488;8;true
488;2;true
488;13;true
489;8;false
489;2;true
489;21;false
489;18;false
490;16;false
490;23;false
490;17;false
490;12;true
490;4;false
491;12;false
492;11;true
492;22;true
492;23;true
492;2;true
493;2;true
493;6;true
493;17;false
493;20;false
494;8;false
494;9;true
494;22;true
495;16;false
495;23;false
495;2;false
496;14;false
496;15;true
496;24;false
496;20;true
496;8;true
497;24;false
497;14;true
497;22;true
497;8;false
497;15;true
497;19;true
497;2;false
498;11;false
498;5;false
498;6;true
499;9;false
499;1;false
499;13;false
499;18;false
499;23;true
500;4;false
502;24;false
502;8;true
502;1;true
502;7;true
503;1;false
503;12;false
503;16;false
503;13;false
503;10;true
503;2;false
504;7;false
504;2;false
504;5;true
504;3;true
504;8;false
504;23;false
505;7;true
505;9;false
507;4;false
507;20;true
507;7;true
507;13;true
508;9;true
509;7;true
509;10;true
509;1;true
510;1;true
510;20;false
511;22;false
511;11;false
511;8;false
511;5;false
512;20;false
512;17;true
513;12;true
513;10;true
513;13;true
513;19;true
513;23;true
513;14;true
513;6;true
514;6;true
514;18;true
514;1;false
514;22;true
514;13;false
515;18;false
515;24;true
515;17;false
515;21;true
515;19;true
515;5;true
515;12;true
516;15;true
517;22;false
517;15;true
517;21;true
517;6;true
517;4;true
517;20;false
517;14;true
518;13;true
518;2;false
518;23;false
519;21;true
519;22;true
519;10;true
519;17;true
521;2;true
521;1;true
521;20;true
521;21;true
521;4;false
522;13;false
522;20;false
522;21;false
522;17;true
523;1;false
523;4;true
523;2;false
524;10;true
525;1;false
525;24;true
525;11;true
525;19;true
525;20;false
525;13;false
526;12;true
526;6;true
526;4;false
526;18;false
527;4;true
528;13;false
528;7;false
528;10;true
528;1;true
528;19;false
529;3;false
529;2;true
529;15;false
529;16;false
529;11;false
529;24;true
529;1;false
530;4;true
530;17;false
531;3;false
531;10;false
531;7;true
531;13;true
531;12;true
532;12;true
533;21;true
533;16;true
533;5;false
533;8;true
533;7;true
534;7;false
534;19;true
535;24;false
535;11;false
535;4;false
535;23;true
535;6;false
535;15;false
537;16;true
537;1;true
537;24;false
537;17;false
538;12;false
538;21;true
538;4;true
538;16;false
538;11;false
538;23;true
539;23;true
539;19;false
539;1;true
541;1;true
541;22;true
541;18;false
541;6;true
541;23;false
542;17;false
542;19;true
542;11;true
542;15;false
543;3;true
544;13;false
544;16;false
545;8;false
545;20;true
546;19;false
546;9;true
546;11;false
546;3;true
546;2;true
546;23;false
546;7;true
547;9;true
547;1;true
547;11;false
547;16;false
547;22;true
548;4;true
548;17;true
548;23;false
548;15;false
548;14;true
549;1;false
550;23;true
550;21;true
550;10;false
550;19;false
550;17;false
551;4;true
551;12;false
551;20;false
551;1;true
551;17;true
551;19;true
551;16;false
552;13;true
553;3;true
553;8;false
553;1;false
553;12;true
553;21;true
554;2;true
554;7;false
554;3;true
555;13;false
556;3;false
558;2;true
560;23;true
560;16;true
560;19;false
561;10;true
561;7;true
561;1;false
562;5;true
562;10;true
562;16;false
562;18;false
562;3;false
562;8;true
563;16;true
563;2;true
564;11;true
564;1;true
564;23;true
564;12;true
564;16;false
564;10;false
564;20;false
565;17;false
565;23;false
565;20;false
565;12;true
565;18;false
565;24;true
566;6;false
567;15;true
567;23;false
567;9;true
567;18;false
568;5;false
568;14;false
568;24;false
568;1;false
568;12;false
568;9;false
569;9;false
569;19;false
569;23;true
569;22;true
570;15;false
570;23;true
570;24;false
571;12;true
571;6;false
571;9;true
571;3;true
571;22;false
571;10;true
571;19;false
572;10;false
572;14;true
572;8;false
572;12;false
572;7;true
572;16;true
572;13;true
573;13;false
573;17;true
573;20;true
573;5;false
574;11;false
574;23;false
574;14;false
574;24;true
575;4;false
575;3;false
575;8;false
575;16;false
575;13;true
575;15;true
576;12;false
576;18;true
577;16;true
577;12;false
577;23;true
577;24;true
577;20;false
577;17;false
577;3;true
578;7;false
578;19;true
579;13;false
579;20;false
581;24;true
581;7;false
581;22;true
581;16;true
581;3;true
581;12;true
581;17;false
582;22;true
582;18;false
582;11;false
582;12;true
582;8;false
582;23;false
583;12;true
585;24;false
585;6;false
585;13;false
585;8;false
585;22;true
585;10;false
586;3;true
586;12;true
586;14;true
586;11;false
586;17;true
586;9;false
587;14;false
587;23;false
587;22;false
587;12;false
587;7;false
588;9;false
589;14;false
589;17;false
589;21;true
589;15;true
589;9;true
589;13;true
591;18;false
592;9;true
593;5;false
593;7;true
593;2;false
593;23;true
594;11;true
594;5;true
594;8;true
594;22;false
595;3;false
596;22;true
596;8;false
596;15;false
596;24;false
596;21;true
596;1;true
596;18;true
597;8;false
597;10;true
597;19;true
597;15;false
597;2;true
598;23;true
598;12;false
599;7;false
599;15;false
599;13;true
599;17;true
599;10;true
600;12;false
600;7;true
600;23;true
600;19;false
600;1;true
601;21;false
601;3;false
601;17;false
601;16;true
601;6;true
601;19;false
601;14;false
602;16;false
602;13;true
602;15;true
602;17;false
603;17;false
603;14;false
603;8;true
603;15;false
603;4;true
603;19;true
603;3;true
604;17;false
604;3;true
604;14;true
605;12;false
605;14;false
605;17;true
606;8;true
606;4;true
606;21;false
606;13;false
606;15;false
606;1;false
607;4;true
607;2;false
607;8;true
607;16;true
607;12;true
607;5;true
607;22;true
609;11;false
609;20;true
610;3;false
610;11;false
610;14;false
610;24;true
611;4;false
611;18;false
611;14;true
611;23;true
611;8;false
611;21;false
612;1;false
614;16;false
614;8;false
614;17;true
614;3;false
615;8;false
615;11;true
616;7;true
616;14;false
616;3;true
616;21;false
616;16;false
616;20;false
617;4;false
617;14;false
617;13;true
617;12;true
617;15;false
617;7;true
617;10;true
618;3;true
618;7;false
618;17;false
618;19;false
618;4;true
618;11;false
618;1;true
619;21;true
620;3;false
621;18;false
621;9;false
621;12;false
622;22;false
622;17;false
622;6;true
623;7;true
623;2;false
623;3;false
623;6;true
624;23;true
624;15;true
624;10;false
624;20;false
624;6;true
625;4;false
625;14;true
625;2;false
625;9;false
625;18;false
625;10;false
625;24;false
626;7;false
626;16;true
626;24;true
627;7;true
627;12;true
627;20;true
627;11;true
627;8;true
627;19;false
627;18;false
628;18;false
628;14;false
628;16;true
628;6;true
628;3;false
628;17;true
630;22;false
631;23;false
631;17;true
631;14;true
631;4;true
631;3;false
631;21;false
632;18;false
632;8;true
632;22;false
632;5;false
633;11;false
633;7;true
633;1;true
633;10;true
633;9;false
634;2;false
634;14;false
636;23;true
636;24;false
636;19;false
636;4;true
636;6;false
637;16;true
637;8;false
637;3;false
638;20;true
638;4;true
639;4;true
639;5;true
640;18;true
640;5;true
640;14;false
640;21;true
640;4;true
640;19;true
641;24;true
641;10;false
641;23;true
641;4;false
642;19;true
642;23;true
642;4;false
642;11;false
642;24;true
642;10;false
643;11;true
643;13;false
644;12;true
644;21;true
644;20;false
644;2;false
645;15;true
645;22;false
645;2;true
645;14;true
645;5;true
645;23;true
645;8;true
647;24;false
647;4;true
648;2;false
648;23;true
648;13;false
648;6;false
649;10;true
649;4;false
649;17;false
649;16;true
650;24;true
650;11;true
650;15;true
650;4;true
650;7;true
650;23;false
650;12;false
651;12;false
651;6;false
651;11;false
651;15;true
651;9;true
652;24;false
652;9;true
652;15;true
652;11;true
653;4;true
653;23;true
654;9;false
654;16;false
654;21;true
654;10;false
655;7;true
655;18;true
656;24;false
656;1;false
656;2;false
656;12;false
656;23;false
657;9;true
657;17;true
657;19;true
657;14;true
657;15;true
658;23;false
658;5;true
658;12;false
658;15;false
658;8;true
658;18;true
658;7;false
659;10;true
659;2;false
660;12;false
660;13;true
660;15;false
661;3;false
661;18;false
661;19;false
661;14;true
661;23;true
662;18;false
663;13;true
663;11;false
663;6;true
664;13;true
664;15;true
664;17;false
664;11;true
664;6;false
665;22;false
665;4;false
666;23;true
666;22;false
666;3;false
666;2;true
666;24;false
666;8;false
666;21;false
667;6;true
667;18;false
667;21;true
667;22;true
668;12;true
668;22;false
668;9;false
668;19;false
668;13;false
668;4;true
668;16;true
669;16;true
671;1;false
671;2;false
671;13;false
672;18;true
674;19;false
674;9;false
674;4;true
674;15;true
674;18;false
675;13;true
676;17;true
676;12;false
676;9;false
676;7;false
676;5;true
676;8;true
677;6;true
677;1;false
677;20;true
677;5;true
678;15;true
678;7;true
679;2;true
679;4;true
679;18;true
679;21;false
679;17;true
679;16;false
680;22;true
681;11;false
681;17;true
681;15;false
682;5;false
682;23;true
682;22;true
682;15;false
682;12;true
682;2;false
683;22;true
683;8;false
683;6;false
683;14;true
685;20;false
685;22;true
685;18;true
686;23;false
686;18;false
686;4;true
686;9;true
686;14;true
686;7;true
686;15;true
687;6;true
687;16;false
688;14;true
688;1;true
689;3;false
689;5;true
689;23;false
690;4;true
690;24;false
690;5;false
690;16;true
690;13;true
690;8;true
692;8;true
692;3;true
692;14;true
692;19;true
692;6;true
692;18;false
693;2;true
693;16;false
693;23;false
694;19;true
694;5;true
694;14;true
694;16;false
694;4;false
695;20;true
695;6;false
695;18;true
695;13;false
696;12;false
696;14;true
696;15;true
696;5;true
696;8;false
697;13;false
697;23;false
697;5;true
697;18;true
697;8;true
698;16;false
698;7;true
698;10;false
699;21;true
699;24;true
699;15;false
699;3;false
699;1;true
699;7;false
699;10;false
701;12;true
701;14;false
701;20;false
701;6;false
701;9;true
701;5;false
702;23;true
702;9;false
702;20;true
702;12;false
702;1;false
702;6;true
703;24;false
703;15;true
703;12;false
703;5;false
704;14;false
704;16;true
704;5;true
704;20;false
704;10;false
704;7;false
704;19;false
705;15;true
705;9;false
705;5;true
705;23;false
705;18;true
706;6;false
706;2;false
706;11;true
706;12;false
706;24;true
706;14;false
706;4;true
707;8;false
707;4;true
707;13;false
707;2;false
707;16;false
707;15;false
708;22;false
708;8;true
708;10;false
708;3;false
708;23;false
708;21;true
709;13;true
709;24;false
709;12;false
709;23;true
709;5;false
709;8;false
709;17;false
710;23;true
710;9;true
710;11;true
710;4;true
711;15;false
711;14;false
712;15;false
713;14;false
713;17;false
713;11;false
713;10;true
713;6;false
713;13;true
714;6;false
714;19;false
715;19;false
715;7;false
715;6;true
715;5;false
716;2;false
716;14;true
716;22;true
716;19;false
716;21;false
716;18;true
717;3;false
717;19;false
717;23;false
717;20;true
717;13;true
717;2;true
717;12;false
718;1;true
719;5;true
719;19;false
719;1;false
720;17;false
720;19;true
720;12;false
720;3;false
720;11;false
720;23;false
721;1;true
722;11;true
722;19;false
722;18;false
723;23;false
723;1;true
723;10;false
723;4;false
723;6;true
723;9;true
724;1;true
724;3;false
724;17;true
724;6;true
724;23;false
724;11;false
724;7;false
725;22;true
725;19;false
725;1;true
725;10;true
725;6;true
725;2;false
726;14;true
726;17;true
726;8;false
726;12;true
726;18;true
726;10;false
727;7;true
728;13;true
728;15;false
728;19;true
728;22;false
728;9;true
729;6;true
730;9;false
730;19;true
730;18;false
731;22;false
731;15;true
731;6;true
732;14;true
733;13;false
733;11;false
734;19;false
735;24;false
735;11;false
735;8;false
735;6;false
735;17;true
735;15;true
737;9;true
737;10;false
737;20;false
737;21;true
737;18;true
737;19;true
737;2;false
738;2;true
738;21;false
740;16;true
740;1;true
740;17;true
740;10;false
740;11;true
740;5;true
741;19;false
741;20;true
741;1;true
742;19;true
742;4;false
742;21;false
742;8;true
742;10;false
742;16;false
743;12;true
743;11;false
743;6;true
743;16;true
743;23;false
743;24;true
744;13;true
744;11;true
744;18;true
744;7;true
744;16;false
744;12;false
744;19;true
745;22;true
745;9;false
745;19;false
745;13;true
745;1;false
746;14;false
746;11;false
747;6;true
747;15;true
749;22;true
749;20;false
749;16;false
749;11;true
749;9;false
749;17;false
750;22;false
750;16;true
751;21;false
751;2;false
751;8;true
752;17;true
752;11;true
754;6;true
754;7;true
755;1;false
756;13;true
756;11;true
756;21;false
757;12;false
757;10;true
757;7;true
757;9;false
757;4;false
757;5;false
758;12;true
758;5;true
758;23;false
758;2;true
758;18;true
759;6;false
760;8;true
760;7;false
760;5;true
760;22;true
760;14;true
761;14;false
761;3;true
761;21;true
761;16;false
761;13;false
762;1;true
762;5;true
762;21;false
762;24;false
764;18;true
764;4;false
764;1;false
764;6;true
764;5;true
765;18;true
765;21;false
765;17;true
765;4;true
765;20;true
765;19;false
765;13;true
766;18;true
766;24;true
767;6;false
768;11;true
768;24;false
768;18;true
768;17;true
768;2;true
770;22;true
771;9;false
772;1;false
772;13;false
772;18;false
772;7;true
773;12;true
773;13;true
773;7;true
774;24;false
774;3;false
776;3;false
778;6;false
778;24;true
778;8;true
778;7;false
778;17;true
778;12;true
779;16;true
779;4;true
779;13;false
779;15;true
779;5;true
779;23;false
781;22;false
781;11;true
781;2;false
782;12;false
782;9;true
782;10;true
782;4;false
783;17;true
783;4;false
783;18;false
783;20;true
783;16;true
783;6;false
783;5;true
784;4;true
784;19;false
784;21;true
785;9;true
785;10;true
785;20;false
785;17;false
785;6;false
786;24;false
786;22;true
786;9;true
786;23;true
787;10;false
787;8;true
787;11;false
787;7;false
788;21;true
788;11;false
788;4;false
790;7;true
790;24;false
790;14;false
790;13;true
790;18;true
790;3;true
790;9;true
791;19;false
791;12;true
791;24;false
793;23;false
793;9;true
793;13;false
793;6;false
793;10;false
794;6;true
794;10;false
794;14;false
794;9;true
794;5;true
794;13;false
794;7;true
795;7;true
795;18;true
795;16;false
795;1;true
795;2;false
795;15;true
795;9;false
796;21;true
796;2;false
797;13;false
797;15;true
798;18;false
798;11;false
798;15;true
798;5;true
801;24;false
801;1;true
801;3;false
801;13;true
801;4;true
801;7;true
802;19;true
803;1;true
804;19;true
804;21;false
804;5;true
804;24;false
804;13;false
804;23;true
804;6;true
805;3;true
805;5;false
805;9;true
805;23;true
805;2;false
806;20;false
806;11;false
806;24;false
806;8;true
806;13;true
806;23;false
806;5;true
807;16;true
807;13;false
807;12;true
807;9;false
807;5;true
807;10;false
807;18;true
808;7;true
808;1;false
808;16;true
809;1;false
809;18;true
809;23;false
809;15;true
809;13;true
810;20;false
810;5;false
810;10;true
810;21;false
810;6;false
811;9;false
811;3;false
811;15;true
811;23;true
811;11;false
811;24;false
811;6;true
812;7;true
812;6;true
812;23;false
812;14;false
812;16;false
813;2;true
813;16;true
813;11;false
813;9;true
813;10;true
813;7;false
813;12;false
814;9;false
816;20;false
816;5;true
817;14;false
817;20;false
817;12;true
817;2;true
817;24;true
818;7;true
818;6;true
818;15;true
819;15;false
819;4;false
820;7;false
820;2;true
820;13;false
820;8;true
820;16;false
820;10;true
822;15;false
822;12;false
822;11;false
822;4;true
823;2;false
823;15;false
824;19;false
824;1;true
824;17;true
824;8;false
825;11;true
825;14;false
825;9;false
825;21;false
825;8;false
825;20;false
826;22;false
829;4;false
830;23;false
830;1;true
830;7;true
831;16;false
831;23;false
831;7;false
831;13;false
832;23;true
832;14;true
832;16;false
832;5;true
832;15;false
833;3;false
833;5;true
833;16;true
833;2;false
833;11;true
833;21;true
833;6;true
835;23;false
836;4;false
836;7;true
837;1;false
837;3;true
837;22;true
839;12;false
839;3;true
839;13;true
841;11;true
841;2;false
841;18;true
842;13;false
842;12;false
842;24;false
842;11;true
843;3;false
843;22;true
843;9;true
843;19;false
843;23;true
843;20;true
844;6;false
844;3;true
844;4;false
844;1;true
844;21;true
844;13;true
844;16;true
845;9;false
845;8;false
845;17;true
845;4;false
845;13;true
845;3;false
845;16;true
846;22;true
846;4;false
846;2;true
847;16;false
847;9;false
847;1;false
847;5;true
847;4;false
848;9;true
848;5;false
848;21;false
848;7;true
849;6;true
849;5;false
849;14;true
849;12;false
850;17;false
850;8;true
850;19;true
851;2;false
851;6;true
851;22;false
851;17;false
851;11;true
853;6;true
853;22;true
853;20;false
853;5;false
853;9;false
853;16;false
854;1;true
854;19;true
854;2;false
854;21;false
854;10;true
855;19;true
855;3;true
855;20;true
855;17;false
855;24;true
855;18;false
855;21;true
856;3;false
856;8;true
857;3;true
857;12;false
857;5;false
857;20;false
857;21;false
857;4;true
857;7;false
858;2;false
858;1;true
858;19;true
858;10;false
858;20;true
859;1;true
859;5;true
859;10;false
859;18;true
859;6;true
859;4;false
859;13;true
861;4;false
861;14;false
861;13;false
861;18;false
861;2;false
861;11;true
862;2;true
862;7;true
862;17;true
862;16;false
862;5;false
863;8;false
863;7;true
863;11;true
864;17;true
865;20;true
866;5;false
866;15;true
866;19;true
866;9;false
866;7;false
866;16;false
866;4;false
867;1;true
867;8;true
867;18;false
867;24;false
867;15;true
868;21;false
868;8;true
868;14;false
868;24;false
868;4;false
868;12;true
869;24;false
869;2;true
869;19;false
869;8;true
869;17;true
869;13;true
869;11;true
870;2;true
871;19;false
871;9;true
871;20;false
871;8;true
871;2;false
871;11;true
871;16;true
872;16;false
872;6;false
872;18;false
872;7;true
872;21;true
872;3;false
873;22;true
873;24;true
873;13;false
873;15;false
873;2;true
873;14;false
874;3;true
874;13;false
874;2;true
874;7;true
874;18;false
874;20;true
875;12;false
875;9;false
875;14;true
875;3;false
875;22;true
875;10;true
876;18;true
876;12;true
876;11;true
876;23;false
877;18;false
877;23;false
877;12;true
877;8;true
877;2;false
878;6;true
878;15;false
878;11;false
878;13;true
878;17;false
878;21;false
878;4;true
879;17;false
881;13;false
881;11;false
881;1;false
881;22;true
881;21;false
881;10;true
882;13;false
882;10;true
882;11;false
883;5;true
883;19;false
883;9;false
883;14;false
883;11;false
883;22;false
884;13;false
884;2;false
885;19;false
885;21;true
885;22;true
885;6;false
885;15;false
885;23;true
886;11;true
886;13;false
886;8;true
887;7;false
887;1;false
887;5;true
887;12;false
887;18;false
887;3;false
889;6;false
889;16;true
889;23;true
889;24;false
890;18;true
890;5;false
890;22;true
890;9;false
890;4;true
891;3;false
891;22;true
892;5;true
892;3;true
892;22;true
892;21;true
892;16;true
893;21;false
893;3;true
893;5;true
893;24;true
893;2;true
894;14;true
894;13;false
895;5;true
895;4;false
895;24;false
896;3;false
896;6;false
898;10;false
898;22;true
898;7;true
898;17;true
898;23;false
898;13;false
898;19;true
899;3;true
899;24;true
899;14;false
899;9;false
900;16;false
900;22;true
900;12;false
900;19;true
901;14;false
902;12;false
902;24;false
902;1;false
904;13;false
904;19;false
904;9;false
904;16;false
904;8;false
904;22;true
904;21;false
905;20;false
906;8;false
906;19;false
906;3;true
906;5;false
906;16;false
907;22;true
907;1;true
907;5;true
908;19;false
908;1;true
908;17;false
908;11;false
909;7;true
909;17;false
909;21;true
909;9;false
909;15;false
909;13;true
910;18;true
910;24;false
910;17;false
910;8;true
910;7;true
910;4;false
911;13;false
911;14;false
911;10;false
911;16;false
911;20;false
911;1;true
911;19;true
912;2;true
912;18;false
912;14;false
912;12;false
912;20;false
913;8;true
913;24;true
913;12;false
914;23;true
914;16;false
914;21;false
914;9;false
914;10;true
914;18;true
915;13;true
916;20;true
916;17;false
916;2;true
916;16;false
916;13;true
917;3;false
917;23;true
917;4;true
918;18;false
918;17;false
918;8;false
919;10;true
919;20;false
919;18;true
919;5;true
919;3;false
919;8;true
919;24;false
921;5;true
921;2;true
921;19;true
921;13;true
921;7;true
921;3;true
921;6;false
922;4;false
922;14;false
922;20;false
922;15;false
922;5;false
923;14;false
923;21;true
923;11;false
923;23;true
923;6;true
924;6;true
924;4;true
924;10;true
924;24;true
924;13;true
924;5;false
926;3;true
926;20;true
926;11;false
927;8;false
927;24;false
927;14;true
927;6;false
928;24;false
928;1;false
929;1;true
930;20;false
930;21;false
930;2;false
930;13;false
930;6;false
930;4;true
930;23;false
931;2;false
931;17;true
931;20;true
931;10;false
931;14;true
931;5;true
931;22;true
932;17;false
932;18;true
932;5;true
932;15;false
932;8;false
934;11;true
934;1;true
934;8;false
934;6;true
934;7;true
934;22;true
934;21;true
935;10;false
935;20;false
935;14;true
935;17;false
935;8;true
935;15;true
936;1;true
936;5;true
936;7;false
936;19;true
936;15;false
938;12;true
938;7;true
939;11;true
939;9;true
939;3;true
939;24;false
939;19;true
940;15;false
940;17;false
941;21;false
941;13;true
941;24;true
941;3;true
941;2;true
941;14;false
941;19;true
942;4;false
942;21;false
942;1;true
943;20;false
944;23;true
944;19;false
944;9;false
944;14;false
946;22;false
946;23;true
947;6;false
947;16;false
947;9;false
947;14;false
947;12;true
948;12;false
948;21;false
949;3;true
949;22;false
950;20;true
950;9;true
950;24;false
951;13;true
951;11;true
952;11;true
952;12;true
952;10;true
952;24;true
952;9;true
953;17;true
953;22;true
953;10;true
954;24;true
954;11;true
954;20;false
954;16;true
955;21;true
955;1;false
956;21;false
956;4;false
958;1;true
958;17;true
958;10;false
959;11;true
959;8;false
961;10;false
961;4;true
962;14;true
962;12;false
962;5;false
963;22;false
963;6;false
963;5;false
963;10;false
963;13;true
964;19;false
964;1;true
964;16;false
964;12;true
965;1;false
965;16;false
965;3;false
966;5;false
966;10;true
966;1;false
966;8;false
967;11;true
967;18;true
967;20;false
967;19;true
967;1;false
967;17;false
967;3;true
970;18;true
970;16;false
970;13;false
971;5;true
971;9;false
971;10;true
972;9;false
972;4;true
972;19;true
972;17;true
972;8;false
972;18;true
972;5;true
974;14;false
974;22;false
974;12;true
974;11;false
974;18;true
975;19;true
975;24;true
975;5;false
975;1;true
975;23;false
975;18;true
976;17;false
976;9;true
976;1;false
977;7;false
977;4;false
977;9;true
977;1;true
977;10;true
977;11;true
978;20;true
978;22;false
979;24;true
979;14;true
980;13;false
980;11;true
981;7;true
981;14;true
981;12;true
981;23;true
981;15;true
981;24;true
982;7;true
983;12;false
983;20;false
984;24;true
984;18;true
984;15;false
984;3;false
984;22;false
984;1;true
984;7;true
985;2;false
985;19;false
985;4;true
985;16;true
985;5;true
985;18;true
986;23;false
986;4;true
986;9;true
986;7;true
988;1;true
988;17;true
988;24;true
988;14;false
988;15;false
989;14;true
990;22;true
990;9;true
990;4;true
990;15;false
990;19;true
990;20;false
990;11;true
991;24;true
991;1;true
992;19;true
992;9;false
992;16;true
992;18;true
992;5;false
992;20;true
993;9;false
993;5;false
993;23;false
993;24;true
993;14;false
993;11;true
994;1;false
995;2;false
995;18;true
995;15;false
995;24;false
995;20;true
995;9;false
996;5;true
997;7;true
998;2;false
998;16;false
998;21;true
998;14;false
999;10;false
1000;18;false
1000;6;true
1000;16;false
1000;21;false
1000;15;false
1001;9;true
1001;6;true
1001;5;true
1002;14;true
1002;21;true
1002;1;true
1002;20;false
1002;12;true
1002;24;true
1002;7;true
1003;23;true
1003;9;false
1003;24;false
1003;15;false
1004;21;false
1004;5;true
1004;23;false
1004;17;false
1005;9;true
1005;6;true
1005;18;true
1005;15;true
1005;2;false
1005;14;false
1006;10;false
1006;7;true
1006;24;true
1006;18;false
1006;21;true
1006;8;true
1006;22;true
1007;3;false
1008;15;false
1009;13;true
1009;5;false
1009;18;false
1010;2;true
1010;5;true
1010;22;true
1010;18;true
1011;1;false
1011;24;false
1011;10;false
1012;1;true
1012;24;false
1012;15;true
1013;20;false
1013;16;false
1013;6;true
1013;3;false
1013;19;false
1013;9;true
1014;7;false
1015;11;false
1015;23;true
1015;3;false
1015;5;true
1015;6;false
1015;4;true
1016;19;true
1016;11;false
1016;5;true
1016;22;false
1016;23;false
1016;8;false
1016;21;false
1017;12;true
1017;3;true
1017;16;false
1017;5;false
1017;23;true
1018;7;false
1018;8;true
1018;13;false
1018;18;false
1018;12;true
1018;2;false
1018;5;true
1019;17;false
1019;16;false
1019;10;false
1019;22;true
1020;21;false
1020;4;false
1020;14;false
1021;24;true
1021;15;false
1021;1;false
1021;13;false
1022;5;false
1023;24;false
1023;21;true
1024;24;false
1024;3;false
1024;18;true
1024;10;true
1024;16;false
1025;4;false
1025;13;true
1025;11;false
1026;10;false
1027;21;true
1027;12;true
1027;18;true
1027;7;false
1027;24;false
1028;1;false
1030;15;false
1030;24;true
1030;6;false
1030;9;true
1030;16;false
1031;2;true
1031;10;true
1031;19;false
1031;5;false
1031;20;true
1031;6;false
1032;14;false
1032;19;false
1032;13;true
1032;17;false
1033;21;true
1033;13;false
1034;9;true
1034;24;false
1034;2;true
1034;8;false
1034;19;false
1034;11;true
1034;22;true
1035;20;true
1035;1;false
1035;10;true
1035;9;false
1036;5;false
1036;14;true
1037;19;true
1038;8;true
1038;19;true
1038;5;false
1038;7;true
1038;2;true
1038;22;false
1038;21;false
1039;19;true
1040;11;false
1040;16;false
1040;6;true
1040;12;true
1040;8;false
1040;10;true
1041;4;false
1041;16;true
1041;5;false
1041;18;true
1041;9;false
1041;24;false
1042;24;true
1042;14;false
1042;2;true
1042;5;false
1042;20;false
1043;22;true
1044;3;true
1044;19;false
1044;23;false
1045;13;false
1045;21;true
1045;20;false
1045;2;false
1045;24;false
1045;15;false
1045;12;false
1046;15;false
1046;12;false
1046;17;true
1046;16;false
1047;10;false
1047;2;false
1047;1;false
1048;4;false
1048;3;true
1048;16;false
1048;9;false
1049;2;false
1049;10;false
1049;3;false
1049;22;true
1049;5;false
1049;8;false
1050;18;false
1050;7;false
1050;20;false
1050;10;true
1050;15;false
1050;3;true
1051;7;false
1051;16;true
1051;3;true
1051;13;false
1051;10;true
1051;21;true
1052;1;false
1052;5;true
1052;22;false
1053;2;true
1054;18;true
1054;19;true
1054;10;true
1055;15;false
1055;22;false
1055;24;false
1055;6;false
1055;20;true
1056;16;false
1056;19;true
1056;6;true
1056;11;false
1056;14;true
1057;24;false
1057;3;true
1057;14;false
1057;9;true
1058;16;false
1058;3;true
1058;10;true
1058;23;true
1058;6;false
1058;8;true
1058;22;true
1059;1;true
1060;9;false
1061;11;false
1061;15;false
1061;20;true
1061;18;true
1061;5;false
1062;8;false
1062;9;true
1062;19;false
1063;14;true
1064;17;false
1064;12;false
1065;9;false
1065;17;false
1067;2;false
1068;15;false
1068;5;true
1069;5;false
1069;7;true
1069;19;true
1069;11;true
1069;22;false
1069;18;true
1071;3;false
1071;11;false
1072;3;false
1072;12;true
1072;22;false
1072;19;false
1073;21;true
1073;23;true
1073;2;false
1074;10;true
1074;14;false
1074;13;false
1074;12;true
1074;7;false
1074;8;false
1074;5;false
1075;8;false
1076;8;true
1077;7;true
1077;16;true
1077;23;true
1077;13;true
1077;14;false
1077;1;true
1077;6;true
1079;6;false
1080;22;false
1080;7;true
1080;20;true
1080;6;false
1081;3;false
1081;6;true
1082;13;true
1082;6;false
1084;5;false
1084;4;false
1085;7;false
1085;2;false
1086;16;true
1086;24;true
1087;13;true
1087;22;true
1087;18;false
1088;22;false
1089;15;false
1089;6;false
1089;2;true
1089;1;true
1089;20;true
1089;21;false
1090;13;true
1090;8;true
1090;2;true
1090;7;false
1090;1;false
1091;4;false
1092;23;false
1092;1;true
1092;6;true
1092;11;false
1093;2;true
1093;21;false
1094;14;true
1094;15;false
1094;20;true
1094;18;false
1094;10;false
1095;13;false
1095;4;true
1095;19;false
1095;11;false
1095;10;true
1095;24;true
1095;16;false
1096;22;false
1096;17;false
1096;23;true
1096;10;false
1096;11;false
1097;11;false
1097;3;true
1097;16;true
1097;21;false
1097;8;true
1097;18;false
1098;15;true
1098;9;true
1098;23;true
1098;12;false
1098;2;false
1098;11;true
1099;15;false
1099;19;false
1099;1;true
1099;17;true
1100;9;true
1100;17;false
1100;11;false
1100;3;true
1100;10;false
1101;11;false
1101;15;true
1101;22;false
1102;19;false
1103;14;true
1103;9;true
1103;13;false
1103;10;false
1103;12;true
1104;11;false
1105;5;true
1105;10;true
1106;20;true
1107;20;false
1107;9;true
1107;21;true
1109;6;false
1109;7;true
1109;21;true
1109;19;false
1109;16;true
1110;3;false
1110;1;true
1110;14;false
1110;11;true
1111;14;false
1111;5;true
1111;9;false
1112;14;true
1113;4;true
1113;14;true
1113;2;false
1113;19;true
1114;21;false
1114;8;true
1114;17;false
1115;23;true
1116;6;true
1116;20;false
1116;19;false
1117;6;true
1117;4;true
1117;21;false
1118;14;true
1118;11;true
1118;7;true
1118;9;false
1118;23;false
1118;22;true
1118;15;true
1119;16;false
1120;16;true
1120;8;false
1120;20;false
1120;24;true
1120;1;false
1120;10;false
1121;17;true
1121;1;true
1121;16;true
1122;17;false
1122;10;false
1122;3;false
1122;18;true
1122;19;true
1123;15;false
1124;9;true
1124;4;false
1124;14;false
1124;21;false
1124;1;true
1125;7;false
1125;18;true
1127;4;true
1127;7;true
1127;1;false
1127;14;true
1127;18;false
1127;6;true
1127;10;true
1128;22;false
1128;18;true
1129;19;true
1129;18;true
1130;1;true
1130;24;true
1130;21;true
1130;20;true
1131;6;false
1131;19;false
1131;9;false
1131;24;true
1132;21;true
1132;16;false
1132;24;false
1133;14;false
1133;19;false
1133;3;false
1133;17;false
1133;24;false
1133;22;true
1133;20;false
1134;14;false
1134;8;false
1134;15;true
1135;8;false
1135;9;true
1136;17;false
1136;24;false
1136;3;false
1136;21;true
1136;6;true
1137;8;true
1137;12;true
1138;4;true
1138;2;true
1138;1;false
1139;21;true
1139;18;true
1140;15;true
1140;18;false
1140;3;false
1141;16;false
1141;7;true
1141;4;false
1141;3;false
1141;8;false
1142;3;false
1142;10;false
1142;22;false
1143;16;true
1144;21;false
1144;5;false
1144;4;true
1144;9;true
1144;13;true
1144;20;false
1145;24;true
1145;7;true
1145;17;true
1145;21;true
1145;13;false
1146;3;false
1146;4;true
1146;18;true
1146;23;false
1146;8;false
1146;19;false
1147;24;true
1147;20;false
1147;5;true
1147;10;true
1147;14;false
1147;9;true
1148;9;false
1148;15;false
1148;16;true
1148;20;true
1148;19;true
1148;1;true
1148;24;false
1149;19;true
1149;13;false
1151;12;true
1151;6;true
1151;23;false
1151;20;false
1151;15;true
1152;8;false
1152;17;false
1153;16;true
1154;5;false
1154;6;false
1154;22;false
1154;15;true
1154;21;true
1154;23;false
1154;7;false
1155;24;true
1155;5;false
1156;17;false
1156;9;false
1156;10;true
1159;15;true
1159;13;true
1159;20;false
1159;1;true
1160;1;false
1160;21;true
1160;13;false
1160;8;false
1160;16;false
1160;20;false
1162;19;true
1162;23;false
1163;4;true
1164;1;false
1164;16;false
1164;15;true
1164;7;false
1164;11;true
1165;12;false
1165;22;false
1165;14;false
1165;13;true
1165;23;false
1165;18;false
1166;2;false
1166;19;false
1167;5;true
1167;3;true
1167;20;true
1167;2;true
1167;18;true
1167;17;false
1168;13;true
1168;18;true
1170;4;false
1170;10;false
1170;6;true
1170;23;false
1170;7;false
1170;18;true
1170;15;true
1171;3;true
1171;24;false
1171;11;false
1171;4;false
1171;8;true
1171;17;false
1172;5;false
1172;23;false
1172;15;true
1172;9;false
1172;22;true
1174;10;false
1174;4;false
1175;14;false
1175;20;true
1175;17;false
1176;16;true
1176;12;false
1176;23;true
1176;11;false
1177;23;false
1177;20;false
1177;13;false
1177;1;true
1177;15;false
1177;19;true
1179;15;true
1179;8;true
1179;7;false
1180;14;true
1180;3;false
1180;11;false
1180;17;false
1180;5;false
1180;1;false
1180;12;true
1182;13;false
1182;3;true
1182;15;false
1183;13;true
1183;14;true
1183;2;true
1183;1;false
1183;3;true
1183;21;false
1184;20;true
1184;23;false
1185;2;false
1185;7;true
1185;11;true
1185;10;true
1185;12;false
1185;16;false
1185;23;false
1186;24;false
1186;20;true
1186;4;false
1186;19;true
1186;16;false
1186;17;true
1187;6;false
1187;19;false
1187;18;false
1187;15;false
1187;8;true
1187;9;false
1188;10;true
1188;4;false
1188;20;true
1188;2;false
1189;2;false
1189;21;true
1190;8;true
1190;17;true
1190;19;false
1190;10;false
1190;15;true
1190;2;false
1190;13;true
1191;19;true
1192;7;true
1192;24;false
1192;21;false
1192;12;true
1192;11;false
1192;22;true
1193;8;true
1193;18;true
1193;23;false
1193;15;false
1193;20;true
1194;14;true
1194;7;false
1194;17;true
1194;15;true
1194;4;true
1194;24;false
1194;10;true
1195;24;false
1195;2;false
1195;14;false
1196;20;false
1196;4;true
1196;22;false
1196;5;true
1196;14;false
1197;19;false
1197;7;true
1197;4;true
1197;12;false
1197;18;true
1197;5;false
1197;6;false
1198;23;true
1198;5;false
1198;2;true
1198;8;true
1198;3;true
1198;12;true
1201;7;false
1201;2;true
1201;16;true
1201;22;true
1201;17;false
1201;10;false
1201;6;false
1202;12;false
1202;24;true
1202;6;true
1202;22;false
1202;4;false
1202;3;false
1202;2;true
1203;18;true
1203;2;false
1203;19;false
1203;4;false
1205;9;false
1206;20;true
1206;12;true
1206;21;true
1206;19;false
1206;15;false
1206;2;true
1206;11;true
1207;7;false
1207;6;false
1207;3;true
1207;22;false
1207;12;false
1207;10;false
1207;4;false
1208;3;true
1209;22;true
1209;23;false
1210;24;false
1210;22;true
1210;2;false
1210;5;true
1210;16;true
1210;23;true
1211;19;false
1211;1;false
1211;3;false
1211;9;false
1212;11;false
1212;4;false
1212;13;false
1212;15;true
1213;20;false
1214;7;true
1214;24;false
1216;4;false
1216;13;true
1216;20;false
1217;17;false
1217;14;false
1217;24;true
1217;11;true
1217;15;true
1218;2;false
1218;15;false
1218;10;true
1218;17;true
1219;21;false
1219;13;true
1219;5;true
1219;24;false
1219;8;false
1219;2;true
1219;18;false
1220;15;false
1220;4;false
1220;9;false
1222;14;true
1222;13;false
1223;20;true
1223;24;false
1223;1;false
1223;9;false
1224;3;true
1224;9;false
1224;17;false
1224;19;false
1224;12;true
1225;12;false
1225;14;false
1226;17;true
1226;18;false
1226;16;true
1226;7;true
1226;8;true
1226;15;false
1226;4;false
1227;12;false
1227;13;true
1227;19;false
1228;18;true
1228;13;true
1228;7;true
1228;10;false
1228;3;false
1229;5;false
1229;20;false
1229;13;false
1229;18;false
1229;1;false
1229;24;false
1229;9;true
1230;12;false
1230;13;true
1230;3;true
1230;6;true
1230;5;false
1230;21;false
1231;6;true
1231;24;true
1231;18;true
1232;5;false
1232;22;false
1232;8;false
1232;7;true
1232;11;false
1232;15;true
1232;23;true
1234;21;false
1234;5;true
1234;10;true
1235;14;true
1235;20;false
1235;24;false
1235;11;false
1235;23;false
1235;6;true
1236;14;false
1236;13;true
1236;15;true
1236;23;true
1236;16;true
1236;21;true
1237;3;true
1238;3;true
1238;8;false
1238;13;true
1239;7;true
1239;15;false
1240;7;false
1240;6;true
1240;18;false
1240;4;true
1240;5;false
1240;16;true
1241;6;true
1241;11;false
1241;15;true
1241;12;false
1241;1;false
1241;21;false
1242;12;false
1242;9;false
1242;3;true
1243;8;false
1243;2;true
1243;9;true
1243;14;false
1243;19;true
1244;9;true
1244;12;true
1244;2;false
1244;13;true
1244;23;true
1244;18;true
1245;5;false
1245;4;true
1245;24;false
1245;2;false
1245;7;true
1245;3;true
1246;18;false
1246;21;false
1246;1;true
1246;11;false
1246;6;true
1246;8;true
1246;3;true
1247;2;false
1247;14;false
1247;21;true
1247;18;false
1247;20;false
1247;12;true
1247;23;true
1248;2;true
1248;24;true
1248;20;true
1250;1;true
1251;9;true
1251;7;true
1252;21;false
1252;19;true
1252;12;false
1252;20;false
1252;10;true
1253;24;true
1253;19;false
1253;21;true
1253;6;true
1253;14;false
1254;23;true
1254;15;true
1254;21;true
1256;2;true
1256;16;true
1256;12;false
1256;14;false
1256;8;false
1257;22;false
1257;17;false
1258;3;false
1258;18;false
1258;17;true
1258;4;true
1258;5;true
1258;9;false
1259;16;false
1259;21;true
1259;9;true
1260;6;false
1260;18;true
1260;14;false
1260;17;true
1261;24;true
1261;8;true
1261;1;false
1261;18;false
1261;6;false
1262;11;true
1262;10;true
1262;1;false
1262;15;true
1263;19;true
1263;13;true
1263;12;true
1263;2;true
1263;3;true
1265;17;true
1265;7;false
1265;19;false
1265;1;false
1265;23;false
1265;3;false
1266;24;true
1266;16;false
1266;4;false
1268;4;true
1268;8;false
1268;14;false
1268;12;false
1269;18;true
1270;6;false
1270;11;false
1270;14;false
1271;6;true
1273;1;false
1273;13;false
1273;4;false
1273;24;false
1274;12;false
1275;14;false
1275;9;true
1277;22;false
1278;2;true
1278;10;true
1278;8;false
1278;23;true
1278;3;true
1278;1;false
1279;9;true
1279;24;true
1279;1;true
1281;19;false
1281;15;true
1281;14;false
1281;9;false
1281;3;true
1281;8;false
1282;7;true
1283;15;false
1283;5;false
1283;11;false
1285;15;true
1285;20;true
1285;7;false
1285;12;true
1285;5;true
1285;23;true
1285;14;true
1286;4;false
1286;22;false
1286;15;false
1286;7;false
1286;11;true
1286;10;false
1286;9;false
1287;7;false
1287;15;true
1287;5;true
1288;14;false
1288;1;true
1288;10;true
1288;19;true
1288;6;false
1289;4;true
1289;16;false
1289;9;false
1289;24;false
1289;11;true
1289;6;true
1290;3;true
1290;20;false
1290;22;true
1291;2;true
1291;13;false
1291;5;true
1291;12;true
1292;20;false
1293;23;true
1293;13;false
1293;22;true
1293;7;true
1293;5;true
1293;3;false
1294;19;true
1295;6;true
1296;1;true
1296;14;false
1296;19;false
1296;2;false
1297;24;true
1297;13;false
1297;19;true
1297;6;false
1297;10;true
1297;14;true
1298;11;true
1298;15;true
1299;5;true
1300;13;false
1301;16;false
1301;14;true
1301;6;false
1301;2;false
1302;3;true
1302;21;true
1302;2;false
1302;20;true
1302;16;true
1302;14;true
1302;23;false
1304;17;true
1304;9;true
1304;4;false
1305;11;false
1305;18;true
1305;6;false
1305;8;true
1306;3;false
1306;24;false
1306;9;true
1306;19;false
1306;8;false
1306;6;false
1307;14;false
1307;24;true
1307;10;true
1308;11;true
1308;21;false
1309;12;true
1309;7;false
1309;2;false
1309;3;false
1310;17;true
1310;13;false
1310;4;true
1310;18;true
1310;21;false
1311;17;true
1311;18;false
1311;22;false
1311;21;true
1311;12;false
1311;10;true
1312;19;true
1312;15;false
1312;11;false
1312;22;true
1312;23;false
1312;10;true
1313;1;false
1313;3;false
1313;4;true
1313;13;false
1313;7;true
1313;16;false
1314;17;true
1314;8;false
1314;13;true
1314;4;false
1314;15;true
1315;19;false
1315;17;true
1315;2;false
1316;1;false
1316;2;true
1317;17;false
1317;23;true
1317;21;false
1317;10;false
1317;6;true
1317;12;false
1318;20;false
1318;1;true
1318;8;false
1318;22;false
1319;2;false
1319;6;false
1319;15;false
1319;3;false
1319;23;false
1319;10;false
1319;16;false
1320;19;false
1320;2;true
1320;17;false
1320;24;false
1320;16;true
1320;9;true
1320;20;false
1321;9;false
1321;11;true
1321;15;false
1321;8;true
1321;20;true
1321;19;true
1322;9;false
1322;13;false
1322;15;false
1322;20;true
1322;6;false
1322;14;false
1323;1;false
1323;19;true
1323;4;false
1323;8;false
1323;11;true
1324;23;false
1324;10;false
1325;18;false
1325;2;true
1325;24;true
1326;15;true
1326;4;false
1326;13;true
1326;12;false
1326;8;true
1327;23;false
1328;17;true
1328;22;false
1328;20;true
1328;11;true
1328;16;false
1328;6;true
1328;19;true
1329;11;true
1329;13;true
1329;5;true
1329;15;false
1330;15;false
1330;22;false
1330;9;true
1330;18;true
1331;10;true
1331;18;true
1331;2;true
1331;13;true
1331;11;false
1331;4;false
1332;24;false
1332;15;false
1332;22;false
1332;20;false
1332;21;false
1334;16;true
1334;9;true
1334;13;false
1335;16;false
1335;2;false
1336;3;true
1336;23;false
1336;22;true
1336;17;true
1336;15;true
1336;20;true
1337;6;false
1337;7;false
1337;2;true
1337;18;false